{"piezas": [
    {
        "tiempoConsignacion": 600,
        "tipo": "escultura",
        "lugarCreacion": "a los pits",
        "anioCreacion": 69,
        "titulo": "El rayo mquen",
        "subasta": true,
        "valores": [
            23243,
            7384
        ],
        "autores": ["pixar"],
        "valoresEspeciales": {
            "peso": 456,
            "ancho": 2,
            "profundidad": 2,
            "electricidad": true,
            "alto": 3
        },
        "loginPropietario": "Ojala yo",
        "bodega": false,
        "disponible": true
    },
    {
        "tiempoConsignacion": 345,
        "tipo": "pintura",
        "lugarCreacion": "francia",
        "anioCreacion": 234,
        "titulo": "Mona Lisa",
        "subasta": true,
        "valores": [
            34234,
            34543
        ],
        "autores": ["Leonardo Da Vinci"],
        "valoresEspeciales": {
            "peso": 4,
            "ancho": 70,
            "tecnica": "blanquismo",
            "alto": 70
        },
        "loginPropietario": "bri_propietario",
        "bodega": true,
        "disponible": true
    },
    {
        "tiempoConsignacion": -1,
        "tipo": "pintura",
        "lugarCreacion": "francia",
        "anioCreacion": 234,
        "titulo": "El grito",
        "subasta": false,
        "valores": [
            23433,
            242
        ],
        "autores": ["Edvard Munch"],
        "valoresEspeciales": {
            "peso": 5,
            "ancho": 56,
            "tecnica": "expresionista",
            "alto": 34
        },
        "loginPropietario": "bri_propietario",
        "bodega": true,
        "disponible": true
    },
    {
        "tiempoConsignacion": 67,
        "tipo": "fotografia",
        "lugarCreacion": "italia",
        "anioCreacion": 234,
        "titulo": "Noche estrellada",
        "subasta": false,
        "valores": [
            12342,
            353
        ],
        "autores": ["Vanh Goh"],
        "valoresEspeciales": {
            "resolucion": "4k",
            "tamanioGiga": 23
        },
        "loginPropietario": "bri_propietario",
        "bodega": false,
        "disponible": false
    }
]}